,city,country,property_name,state
121,Agra,India,Bhawna Clarks Inn,Uttar Pradesh
184,Agra,India,Bliss Home Stay,Uttar Pradesh
614,Agra,India,D. R. Residency,Uttar Pradesh
623,Agra,India,Crystal Retreat,Uttar Pradesh
868,Agra,India,Four Points By Sheraton,Uttar Pradesh
931,Agra,India,Dreams Inn,Uttar Pradesh
1233,Agra,India,Siris 18 - A Boutique Hotel,Uttar Pradesh
1286,Agra,India,Shree Residency,Uttar Pradesh
1301,Agra,India,Taj Heights,Uttar Pradesh
1334,Agra,India,TajMahal Home Stay,Uttar Pradesh
1397,Agra,India,Taj Heritage,Uttar Pradesh
1414,Agra,India,Taj Inn Hotel,Uttar Pradesh
1484,Agra,India,Bhawna Palace,Uttar Pradesh
1494,Agra,India,Bonfire Hostels,Uttar Pradesh
1624,Agra,India,Colkata Hotel &amp; Lodge,Uttar Pradesh
1719,Agra,India,Colonial Homestay,Uttar Pradesh
1813,Agra,India,Hotel Prem Sagar,Uttar Pradesh
1820,Agra,India,Hotel Prashant Palace,Uttar Pradesh
2075,Agra,India,Hotel Pentas,Uttar Pradesh
2223,Agra,India,Hotel Pushp Villa,Uttar Pradesh
2232,Agra,India,Hotel Pawan,Uttar Pradesh
2378,Agra,India,Uday Bed N Breakfast,Uttar Pradesh
2408,Agra,India,The Retreat,Uttar Pradesh
2439,Agra,India,The Taj Resiedency,Uttar Pradesh
2443,Agra,India,Udupi Residency,Uttar Pradesh
2447,Agra,India,The Taj Vilas,Uttar Pradesh
2491,Agra,India,Treebo White Inn,Uttar Pradesh
2499,Agra,India,Utkarsh Vilas,Uttar Pradesh
2526,Agra,India,Usha Kiran Palace,Uttar Pradesh
2607,Agra,India,Tourist Rest House,Uttar Pradesh
2616,Agra,India,THE ROYAL RESIDENCY,Uttar Pradesh
3041,Agra,India,Hotel Regency,Uttar Pradesh
3043,Agra,India,Hotel Riddhee Siddhee,Uttar Pradesh
3059,Agra,India,Hotel Riya Palace,Uttar Pradesh
3068,Agra,India,Hotel Red Inn,Uttar Pradesh
3222,Agra,India,Hotel Saniya palace,Uttar Pradesh
3424,Agra,India,Hotel Sidhartha,Uttar Pradesh
3462,Agra,India,Hotel Sheela Inn,Uttar Pradesh
3599,Agra,India,Viren Holiday Home,Uttar Pradesh
3962,Agra,India,Viren Sofitel,Uttar Pradesh
845,Aurangabad,India,"Ellora heritage resort, Ellora",Maharashtra
1944,Aurangabad,India,Hotel Preetam,Maharashtra
2221,Aurangabad,India,Hotel Padmavati,Maharashtra
2266,Aurangabad,India,Hotel Pearls,Maharashtra
2301,Aurangabad,India,Treebo Royal Kourt,Maharashtra
2475,Aurangabad,India,Tourists Home,Maharashtra
2596,Aurangabad,India,Tinus Resort And Highway Fun,Maharashtra
2846,Aurangabad,India,The Sky Court,Maharashtra
2929,Aurangabad,India,V Resorts Aurangabad,Maharashtra
3160,Aurangabad,India,Hotel Regal Plaza,Maharashtra
3201,Aurangabad,India,Hotel Royal Palace,Maharashtra
3300,Aurangabad,India,Hotel Shiv Tej Residency,Maharashtra
3453,Aurangabad,India,Hotel Saraswati Inn,Bihar
3457,Aurangabad,India,Hotel Shree Maya,Maharashtra
3619,Aurangabad,India,WelcomHotel Rama International,Maharashtra
3628,Aurangabad,India,"VITS, Aurangabad",Maharashtra
31,Bangalore,India,Aurick Hotel,Karnataka
44,Bangalore,India,ATITHI RESIDENCY - MARTHAHALLI,Karnataka
65,Bangalore,India,Bhagini Residency,Karnataka
67,Bangalore,India,Aura Foothills,Karnataka
101,Bangalore,India,Brahma Inn Executive Rooms,Karnataka
109,Bangalore,India,Chalet Diamond Penthouse,Karnataka
129,Bangalore,India,Bulande Hope farm Bangalore,Karnataka
146,Bangalore,India,CARAMEL HOMESTAY,Karnataka
159,Bangalore,India,carlin  service apartments,Karnataka
169,Bangalore,India,Chandana Deluxe Hotel,Karnataka
193,Bangalore,India,Cinnamon Residency,Karnataka
205,Bangalore,India,Brigade Royale Premier Business Class Hotel,Karnataka
206,Bangalore,India,Bulande Hospitality Near Graphite India Signal,Karnataka
231,Bangalore,India,Catalyst- L&amp;T South City,Karnataka
282,Bangalore,India,Chalet Riviera,Karnataka
306,Bangalore,India,Brunton Heights,Karnataka
312,Bangalore,India,Blue Mountain Hotel,Karnataka
331,Bangalore,India,Catalyst Suites (Old Airport ),Karnataka
413,Bangalore,India,Century Inn Deluxe Lodge,Karnataka
436,Bangalore,India,Casa de Bengaluru,Karnataka
482,Bangalore,India,Comfort Shelter Lodge,Karnataka
507,Bangalore,India,Clara Hotels,Karnataka
544,Bangalore,India,"Country Inn &amp; Suites By Carlson, Bengaluru Hebbal",Karnataka
548,Bangalore,India,Dass Suites,Karnataka
555,Bangalore,India,CORPORATE STAY,Karnataka
571,Bangalore,India,Deep Guest House,Karnataka
586,Bangalore,India,Deva Residency,Karnataka
590,Bangalore,India,DEEYASUITES,Karnataka
624,Bangalore,India,Citrus Cunningham Road Bangalore,Karnataka
625,Bangalore,India,Cosmos Guest Homes - Bellandur,Karnataka
632,Bangalore,India,Credora Inn,Karnataka
641,Bangalore,India,Clover Suites,Karnataka
656,Bangalore,India,Coral Tree,Karnataka
662,Bangalore,India,Compact- Tea Pavilion,Karnataka
682,Bangalore,India,FabHotel Monarch Jayanagar,Karnataka
702,Bangalore,India,El-Shaddai Homes,Karnataka
704,Bangalore,India,DM Bluemoon Comforts,Karnataka
706,Bangalore,India,Falcon Suites-Residency Road,Karnataka
725,Bangalore,India,Discovery Village Nandi Foot Hills,Karnataka
736,Bangalore,India,Fantasy Golf Resort,Karnataka
760,Bangalore,India,Fortune Select JP Cosmos(Unit of MICHPL),Karnataka
791,Bangalore,India,EVEREST COMFORTS,Karnataka
794,Bangalore,India,Even Suites - Koramangala,Karnataka
808,Bangalore,India,Devashree Comforts,Karnataka
818,Bangalore,India,Eco Comforts Bangalore New Airport,Karnataka
823,Bangalore,India,FabHotel Legacy Brigade Road,Karnataka
825,Bangalore,India,FabHotel Maruthi Domlur,Karnataka
917,Bangalore,India,Discovery Village,Karnataka
919,Bangalore,India,Elite Inn-Koddihalli,Karnataka
930,Bangalore,India,EYRIE HOSPITALITY,Karnataka
954,Bangalore,India,Shoba Inn,Karnataka
969,Bangalore,India,Shree Adiga Residency,Karnataka
1001,Bangalore,India,Southern Residency Basavanagudi,Karnataka
1025,Bangalore,India,Skanda Shelters,Karnataka
1050,Bangalore,India,Shree Ganesh Regency,Karnataka
1062,Bangalore,India,Sree Nandanam Residency,Karnataka
1108,Bangalore,India,Sree Bhavani Palace,Karnataka
1113,Bangalore,India,Sri Vinayaka Regency Deluxe Lodge,Karnataka
1114,Bangalore,India,SILICON HEARTH -1,Karnataka
1116,Bangalore,India,Sri Trupthi Comforts,Karnataka
1143,Bangalore,India,SnoozOtel,Karnataka
1166,Bangalore,India,Srinidhi Residency,Karnataka
1180,Bangalore,India,Social Rehab,Karnataka
1188,Bangalore,India,sri Balaji Residence,Karnataka
1205,Bangalore,India,Shoba Residency,Karnataka
1225,Bangalore,India,SILICON HEARTH-2,Karnataka
1344,Bangalore,India,Sun Shine Serviced Apartments,Karnataka
1367,Bangalore,India,SS Residency,Karnataka
1375,Bangalore,India,St. Marks Inn,Karnataka
1378,Bangalore,India,Subha Residency,Karnataka
1381,Bangalore,India,Stay Inn Serviced Apartment -Old Airport Road,Karnataka
1389,Bangalore,India,Sunil Residency,Karnataka
1420,Bangalore,India,Star Service Apartment,Karnataka
1421,Bangalore,India,St. Marks Hotel,Karnataka
1438,Bangalore,India,Chalet Residency - HSR Layout,Karnataka
1467,Bangalore,India,Boulevard Riviera,Karnataka
1478,Bangalore,India,bloomrooms @ Indiranagar,Karnataka
1502,Bangalore,India,Chairmans Resort - Hebbal,Karnataka
1511,Bangalore,India,Bulande Hospitality Yelahanka,Karnataka
1531,Bangalore,India,Compact Langford Homes,Karnataka
1581,Bangalore,India,Classic Inn,Karnataka
1583,Bangalore,India,Club Magnolia,Karnataka
1592,Bangalore,India,Cosmos Guest Homes - HSR Layout,Karnataka
1602,Bangalore,India,Classic Comfort,Karnataka
1636,Bangalore,India,CRN Canary Sapphire,Karnataka
1670,Bangalore,India,Compact-Royal Alpine,Karnataka
1708,Bangalore,India,Delta Regency,Karnataka
1722,Bangalore,India,Davanam Sarovar Portico Suites,Karnataka
1742,Bangalore,India,Curzon Suites,Karnataka
1754,Bangalore,India,Dass Suites - Domlur,Karnataka
1771,Bangalore,India,Citizen Residency,Karnataka
1914,Bangalore,India,Hotel Pai Vista,Karnataka
1961,Bangalore,India,Hotel Raj Comforts,Karnataka
1967,Bangalore,India,Hotel Presidency,Karnataka
2033,Bangalore,India,Hotel Raja Galaxy,Karnataka
2080,Bangalore,India,Hotel R V International,Karnataka
2152,Bangalore,India,Hotel Pent House,Karnataka
2254,Bangalore,India,Hotel Raj Vista - Suites &amp; Convention,Karnataka
2292,Bangalore,India,The Tavern,Karnataka
2324,Bangalore,India,Treebo Akshaya Lalbagh Inn,Karnataka
2340,Bangalore,India,UG Deluxe,Karnataka
2362,Bangalore,India,Tiffanys,Karnataka
2366,Bangalore,India,Treebo 29th Church's Inn,Karnataka
2371,Bangalore,India,THE Regal Residency,Karnataka
2395,Bangalore,India,Treebo Morgen Suites,Karnataka
2417,Bangalore,India,Treebo Crystal Castle,Karnataka
2419,Bangalore,India,The Royal Comfort Park,Karnataka
2435,Bangalore,India,Treebo Urs Regency,Karnataka
2437,Bangalore,India,Treebo Elmas,Karnataka
2442,Bangalore,India,The Signature Inn,Karnataka
2450,Bangalore,India,Treebo Silicon Business,Karnataka
2452,Bangalore,India,Tulip Inn Bangalore,Karnataka
2472,Bangalore,India,Tranquil D'Costa,Karnataka
2508,Bangalore,India,Treebo Akshaya Mayflower,Karnataka
2513,Bangalore,India,Urban Retreat,Karnataka
2514,Bangalore,India,The Sweet Homes,Karnataka
2516,Bangalore,India,Treebo Mayflower Hayz Boutique,Karnataka
2518,Bangalore,India,Trinity Suites,Karnataka
2540,Bangalore,India,UG ROYAL,Karnataka
2553,Bangalore,India,The Zuri Whitefield,Karnataka
2556,Bangalore,India,The Rialto Hotel,Karnataka
2604,Bangalore,India,The Splendour Park- Trinity Circle,Karnataka
2633,Bangalore,India,Umerkot Residency,Karnataka
2676,Bangalore,India,Triente Suites,Karnataka
2684,Bangalore,India,The Solitaire,Karnataka
2701,Bangalore,India,The Verda Prakyathi,Karnataka
2703,Bangalore,India,Treebo Silverstar,Karnataka
2709,Bangalore,India,UNO-IN SERVICE APARTMENT HOTEL,Karnataka
2712,Bangalore,India,Treebo Ample Premium Suites,Karnataka
2717,Bangalore,India,Twinkle Inn,Karnataka
2722,Bangalore,India,Ujwal Residency,Karnataka
2747,Bangalore,India,UD Residency,Karnataka
2748,Bangalore,India,Urban Stay,Karnataka
2760,Bangalore,India,Treebo Golden Pearl Koramangala,Karnataka
2781,Bangalore,India,The Waverly Hotel &amp; Residences,Karnataka
2784,Bangalore,India,Treebo Grand Continent,Karnataka
2789,Bangalore,India,Treebo Annora,Karnataka
2791,Bangalore,India,The Woodbridge,Karnataka
2794,Bangalore,India,Treebo Cartier,Karnataka
2801,Bangalore,India,UG Regal Hotel,Karnataka
2856,Bangalore,India,The Sayanora,Karnataka
2858,Bangalore,India,UG GRAND,Karnataka
2861,Bangalore,India,The Taj West End (A Taj Hotel),KARNATAKA
2895,Bangalore,India,The Sanctum Suites,Karnataka
2912,Bangalore,India,Treebo Orchard Suites,Karnataka
2927,Bangalore,India,The Windflower Resorts &amp; Spa,Karnataka
2939,Bangalore,India,Treebo Sanctum Suites- Bangalore,Karnataka
2946,Bangalore,India,Treebo Cartier Biznotel,Karnataka
2948,Bangalore,India,Umerkot Comforts,Karnataka
2957,Bangalore,India,Treebo Orchard Greens,Karnataka
2966,Bangalore,India,The Splendour Park,Karnataka
2970,Bangalore,India,TRIPLE 4 HOSPITALITY,Karnataka
3023,Bangalore,India,Treebo Golden Pearl Scarlet,Karnataka
3141,Bangalore,India,Hotel Royal Orchid,Karnataka
3195,Bangalore,India,Hotel Royal Avenue,Karnataka
3274,Bangalore,India,Hotel Royal 34,Karnataka
3435,Bangalore,India,Hotel Shivaal's Residency,Karnataka
3565,Bangalore,India,Walk Inn  Comforts,Karnataka
3595,Bangalore,India,Wafi Suites,Karnataka
3603,Bangalore,India,Vinaya Royal Inn,Karnataka
3624,Bangalore,India,Veekay Tourist Home,Karnataka
3677,Bangalore,India,VT Paradise,Karnataka
3721,Bangalore,India,Young Island Comforts,Karnataka
3843,Bangalore,India,WESTPARK,Karnataka
3853,Bangalore,India,White Fort Lodge,Karnataka
3856,Bangalore,India,Vijay Residency Deluxe Lodge,Karnataka
3896,Bangalore,India,Windsor Square,Karnataka
3912,Bangalore,India,vinayaka hotel,Karnataka
3933,Bangalore,India,Wonderla Resort,Karnataka
3949,Bangalore,India,Vrooms,Karnataka
1273,Bhubaneswar,India,SOUTHCITY,Orissa
1319,Bhubaneswar,India,TAJ PALACE,Orissa
1925,Bhubaneswar,India,Hotel Pelican,Orissa
1932,Bhubaneswar,India,Hotel Priya,Orissa
2161,Bhubaneswar,India,Hotel Pushpak,Orissa
2667,Bhubaneswar,India,Trident Bhubaneshwar,Orissa
3267,Bhubaneswar,India,Hotel Richi,Orissa
819,Bhopal,India,Dream Ocean Resort,Madhya Pradesh
1818,Bhopal,India,Hotel Raj,Madhya Pradesh
1917,Bhopal,India,Hotel Palak,Madhya Pradesh
1927,Bhopal,India,Hotel Rajhans Regent,Madhya Pradesh
2027,Bhopal,India,Hotel Pisals,Madhya Pradesh
2218,Bhopal,India,Hotel Pukhraj,Madhya Pradesh
2233,Bhopal,India,Hotel R. K Regency,Madhya Pradesh
2647,Bhopal,India,theplanet Hotels,Madhya Pradesh
3058,Bhopal,India,Hotel Richa,Madhya Pradesh
3084,Bhopal,India,Hotel Sai Plaza,Madhya Pradesh
3271,Bhopal,India,Hotel Reva Regency,Madhya Pradesh
3347,Bhopal,India,Hotel Shree Vatika,Madhya Pradesh
3392,Bhopal,India,Hotel Signetic Blue,Madhya Pradesh
3466,Bhopal,India,Hotel Shalimar Deluxe,Madhya Pradesh
3504,Bhopal,India,Hotel Sarthak,Madhya Pradesh
3507,Bhopal,India,Hotel Shikhar Palace,Madhya Pradesh
3804,Bhopal,India,"Vinayak Villa, Luxury Service Apartments.",Madhya Pradesh
3867,Bhopal,India,WelcomHeritage Noor-Us-Sabha Palace,Madhya Pradesh
3969,Bhopal,India,Hotel Satya Vilas,Madhya Pradesh
3987,Bhopal,India,Hotel Sayaji,Madhya Pradesh
15,Chennai,India,ARAVINDAR RESIDENCY,Tamil Nadu
43,Chennai,India,AVNB Towers,Tamil Nadu
82,Chennai,India,Balaji Residency,Tamil Nadu
86,Chennai,India,Aspni Inn,Tamil Nadu
91,Chennai,India,BAVA LODGE,Tamil Nadu
110,Chennai,India,Chennai Stays (Guindy),Tamil Nadu
116,Chennai,India,Central Gate,Tamil Nadu
194,Chennai,India,CENTRAL RESIDENCY,Tamil Nadu
268,Chennai,India,Chandran Hyline,Tamil Nadu
340,Chennai,India,"Catch22 Hospitality Services , OMR Sholinganallur",Tamil Nadu
361,Chennai,India,Chennaibnb,Tamil Nadu
367,Chennai,India,Buhari Royale Boutique Hotel,Tamil Nadu
400,Chennai,India,Bharath Service Apartment,Tamil Nadu
423,Chennai,India,Bs Hive  Kadal,Tamil Nadu
434,Chennai,India,Cine City hotel,Tamil Nadu
517,Chennai,India,Colors Apart Hotel,Tamil Nadu
531,Chennai,India,Day Dream Hotelz,Tamil Nadu
667,Chennai,India,Crescent Sea Cliff,Tamil Nadu
675,Chennai,India,Executive Comfort (T.Nagar),Tamil Nadu
689,Chennai,India,FabHotel Blossom T. Nagar,Tamil Nadu
710,Chennai,India,Emarald Hotel,Tamil Nadu
737,Chennai,India,Executive Comfort (Mylapore),Tamil Nadu
768,Chennai,India,Executive Comfort (Guindy),Tamil Nadu
829,Chennai,India,Empire Guest House,Tamil Nadu
844,Chennai,India,E Hotel,Tamil Nadu
901,Chennai,India,Fortel,Tamil Nadu
905,Chennai,India,FabHotel Nachiappa RA Puram,Tamil Nadu
923,Chennai,India,Fine Stay Service Apartment,Tamil Nadu
966,Chennai,India,Sky Home,Tamil Nadu
1046,Chennai,India,Sri Krishna Residency,Tamil Nadu
1097,Chennai,India,SILVER PARK GUEST HOUSE,Tamil Nadu
1176,Chennai,India,Sm homes,Tamil Nadu
1191,Chennai,India,Sikara Service Aparment ( Tambaram),Tamil Nadu
1213,Chennai,India,Sky Residency( Tambaram),Tamil Nadu
1223,Chennai,India,Sri Chakra Inn,Tamil Nadu
1235,Chennai,India,Sree Devi Niwas Service Apartment(T.Nagar),Tamil Nadu
1313,Chennai,India,SRM Grands,Tamil Nadu
1395,Chennai,India,TGI Inn Akash,Tamil Nadu
1440,Chennai,India,BLU IRIS,Tamil Nadu
1461,Chennai,India,Chamiers park,Tamil Nadu
1559,Chennai,India,Deccan Plaza,Tamil Nadu
1613,Chennai,India,Cityhome Hotel,Tamil Nadu
1619,Chennai,India,"D and A Corporate Residency, OMR, Chennai",Tamil Nadu
1631,Chennai,India,Days Hotel Chennai OMR,Tamil Nadu
1759,Chennai,India,Citrus Hotels Sriperumbudur,Tamil Nadu
1895,Chennai,India,HOTEL RAJ RESIDENCY,Tamil Nadu
1916,Chennai,India,Hotel Rainbow,Tamil Nadu
2226,Chennai,India,HOTEL POIGAI,Tamil Nadu
2285,Chennai,India,Treebo Bluten,Tamil Nadu
2302,Chennai,India,Treebo Elan,Tamil Nadu
2321,Chennai,India,Turyaa Chennai,Tamil Nadu
2361,Chennai,India,Thulashi Park,Tamil Nadu
2364,Chennai,India,Treebo Saravana Boutique Inn,Tamil Nadu
2423,Chennai,India,Thiruvizha Hotel,Tamil Nadu
2466,Chennai,India,The Raintree St. Marys Road,Tamil Nadu
2550,Chennai,India,The Residency,Tamil Nadu
2674,Chennai,India,"The Raintree, Annasalai",Tamil Nadu
2682,Chennai,India,Thy Mercy Dormitory (Only For Woman),Tamil Nadu
2694,Chennai,India,The Residency Towers,Tamil Nadu
2753,Chennai,India,Tri Sea Residency,Tamil Nadu
2798,Chennai,India,The Royal Star,Tamil Nadu
2831,Chennai,India,Trident Chennai,Tamil Nadu
2862,Chennai,India,Treebo Abeliya,Tamil Nadu
2873,Chennai,India,Tommaso Inn Sriperumbudur,Tamil Nadu
2896,Chennai,India,Thy Mercy- Apart Hotel for Women,Tamil Nadu
2917,Chennai,India,Treebo Angson,Tamil Nadu
2919,Chennai,India,Treebo Cozee Stay,Tamil Nadu
2967,Chennai,India,The Retreat,Tamil Nadu
2997,Chennai,India,V7 HOTEL,Tamil Nadu
3033,Chennai,India,Treebo Hive,Tamil Nadu
3055,Chennai,India,Hotel Royal Plaza,Tamil Nadu
3281,Chennai,India,Hotel Savera,Tamil Nadu
3343,Chennai,India,Hotel Satyam Grand sriperumbudur,Tamil Nadu
3510,Chennai,India,Hotel Sea Shore Inn,Tamil Nadu
3540,Chennai,India,VIJAYAMCY SERVICE APARTMENTS,Tamil Nadu
3569,Chennai,India,Vatchala Service Appartment,Tamil Nadu
3577,Chennai,India,Veedu,Tamil Nadu
3631,Chennai,India,Vatchala Service Apartment kilpauk,Tamil Nadu
3664,Chennai,India,Vatchala Service Appartment anna nagar  Koyambeedu,Tamil Nadu
3679,Chennai,India,Vox Crescendo,Tamil Nadu
3739,Chennai,India,VIRGO COMFORT HOMES,Tamil Nadu
3744,Chennai,India,Vivanta by Taj - Connemara (A Taj Hotel),TAMIL NADU
3749,Chennai,India,Westin Residency,Tamil Nadu
3764,Chennai,India,Vestin Park,Tamil Nadu
3778,Chennai,India,VR Home(St.Mary's Road),Tamil Nadu
3818,Chennai,India,Yali Service Apartment,Tamil Nadu
4,Delhi,India,Anmol Hotel Pvt.Ltd,Delhi
6,Delhi,India,Balaji Residency,Delhi
7,Delhi,India,BB Palace-A Boutique Hotel,Delhi
9,Delhi,India,Arjun Homestay,Delhi
12,Delhi,India,Baba Guest House,Delhi
149,Delhi,India,Calista Resort,Delhi
155,Delhi,India,Capitol Hills Hotel,Delhi
211,Delhi,India,Centaur Hotel,Delhi
221,Delhi,India,Check In Room Chuna Mandi,Delhi
225,Delhi,India,BnB in GK II,Delhi
235,Delhi,India,BORIBISTA BACKPACKING HOSTEL,Delhi
255,Delhi,India,Caravan Home Stay,Delhi
299,Delhi,India,Bombay Palace,Delhi
318,Delhi,India,Charanpahari Hotel,Delhi
390,Delhi,India,Bless Inn,Delhi
460,Delhi,India,Check In Room Main Bazaar,Delhi
462,Delhi,India,Bukhara Inn,Delhi
496,Delhi,India,"Clarks Inn, Kailash Colony",Delhi
526,Delhi,India,Delhi Bed and Breakfast,Delhi
620,Delhi,India,City Park Airport - A Boutique Hotel,Delhi
637,Delhi,India,Christy Rooms,Delhi
639,Delhi,India,Craft village,Delhi
668,Delhi,India,Dusit Devarana,Delhi
753,Delhi,India,FabHotel Friends Colony,Delhi
756,Delhi,India,fazar residency,Delhi
783,Delhi,India,Diplomat Home stay,Delhi
789,Delhi,India,Evergreen Suites Defence Colony,Delhi
859,Delhi,India,Florence Inn,Delhi
865,Delhi,India,Dhawan Guest House,Delhi
869,Delhi,India,Express 66,Delhi
896,Delhi,India,Excellency Corporate House,Delhi
935,Delhi,India,FabHotel Connaught Mews,Delhi
952,Delhi,India,Silver Ferns,Delhi
967,Delhi,India,SITA RESIDENCY,Delhi
985,Delhi,India,shoba residency,Delhi
1010,Delhi,India,Solo Victoria Hotel,Delhi
1070,Delhi,India,Skylink Suites,Delhi
1077,Delhi,India,SHREE LODGE,Delhi
1133,Delhi,India,Slumber Bed and Breakfast,Delhi
1149,Delhi,India,shree shyam guest house,Delhi
1154,Delhi,India,SK Premium Park,Delhi
1218,Delhi,India,Sky View Guest House,Delhi
1247,Delhi,India,Southern Regency,Delhi
1284,Delhi,India,Shreyans Inn,Delhi
1310,Delhi,India,STEPiNN Panchsheel Enclave,Delhi
1336,Delhi,India,Svelte Hotel &amp; Personal Suites,Delhi
1351,Delhi,India,Sunrise Villa,Delhi
1357,Delhi,India,Taksh Inn,Delhi
1360,Delhi,India,Sumitra Inn Bed And Breakfast,Delhi
1435,Delhi,India,The Ashtan Sarovar Portico,Delhi
1527,Delhi,India,Country Inn &amp; Suites By Carlson Delhi Saket,Delhi
1551,Delhi,India,Comfort Point Bed N Breakfast,Delhi
1566,Delhi,India,Comfort BnB,Delhi
1604,Delhi,India,De Sapphire inn,Delhi
1605,Delhi,India,Cottage Good Day,Delhi
1620,Delhi,India,Delhi Heights,Delhi
1715,Delhi,India,Cosmo,Delhi
1730,Delhi,India,Comfort Inn The President,Delhi
1750,Delhi,India,Decent Guest House,Delhi
1768,Delhi,India,CR Residency - 2,Delhi
1772,Delhi,India,Dawar Villa Service Apartment,Delhi
1807,Delhi,India,Hotel Prince International,Delhi
1819,Delhi,India,Hotel Pearl Plaza,Delhi
1837,Delhi,India,Hotel Palace Heights,Delhi
1848,Delhi,India,Hotel Radiance,Delhi
2006,Delhi,India,Hotel Palm Greens,Delhi
2021,Delhi,India,Hotel Pablas International,Delhi
2044,Delhi,India,Hotel Paradise International,Delhi
2064,Delhi,India,Hotel Raj,Delhi
2077,Delhi,India,"Hotel Picasso,Paschim Vihar",Delhi
2096,Delhi,India,Hotel R.S. International,Delhi
2109,Delhi,India,Hotel Radha Krishna,Delhi
2170,Delhi,India,HOTEL PRIYA PALACE,Delhi
2171,Delhi,India,Hotel Paras International,Delhi
2188,Delhi,India,Hotel Raj Deluxe,Delhi
2202,Delhi,India,Hotel Presidency,Delhi
2258,Delhi,India,Hotel Prince Palace Deluxe,Delhi
2271,Delhi,India,Hotel Pink Palace,Delhi
2277,Delhi,India,hotel rajan guest house,Delhi
2363,Delhi,India,Treebo Royce,Delhi
2368,Delhi,India,Urmil Guest House,Delhi
2409,Delhi,India,The Solace,Delhi
2421,Delhi,India,Tivoli Grand Resort Hotel,Delhi
2477,Delhi,India,The Sagar Residency,Delhi
2493,Delhi,India,The South Indian Hotel,Delhi
2503,Delhi,India,Thirty Three - The Boutique Hotel,Delhi
2555,Delhi,India,The Taj Mahal Hotel (A Taj Hotel),DELHI
2558,Delhi,India,Treebo Sam Hotels,Delhi
2595,Delhi,India,The Rubber Tree,Delhi
2619,Delhi,India,The York Hotel,Delhi
2622,Delhi,India,The Umrao,Delhi
2626,Delhi,India,The Vivek,Delhi
2646,Delhi,India,Treebo Natraj Yes Please,Delhi
2653,Delhi,India,Treebo Amber,Delhi
2675,Delhi,India,The White Klove,Delhi
2678,Delhi,India,TIMES BED AND BREAKFAST,Delhi
2729,Delhi,India,The Uppal,Delhi
2851,Delhi,India,The Royal Nest,Delhi
2855,Delhi,India,Trendy Bed and Breakfast,Delhi
2884,Delhi,India,Treebo Singh Sons,Delhi
2908,Delhi,India,The Stay Inn Bed &amp; Breakfast,Delhi
2916,Delhi,India,Tivoli Cititel Boutique Hotel,Delhi
2954,Delhi,India,Treebo Olive Inn,Delhi
2984,Delhi,India,V Resorts Farm Stay,Delhi
3073,Delhi,India,Hotel Sanca International,Delhi
3168,Delhi,India,Hotel Regent Grand,Delhi
3185,Delhi,India,Hotel Sai International,Delhi
3203,Delhi,India,Hotel Regalia Retreat,Delhi
3214,Delhi,India,Hotel Royal Star,Delhi
3219,Delhi,India,Hotel Sai Miracle,Delhi
3255,Delhi,India,Hotel Sagar Palace,Delhi
3262,Delhi,India,Hotel S.B. INN,Delhi
3263,Delhi,India,HOTEL ROYAL HOLIDAYS,Delhi
3277,Delhi,India,Hotel Royal Castle,Delhi
3282,Delhi,India,HOTEL SEVEN SEAS INN,Delhi
3297,Delhi,India,Hotel Sarvasa Residency,Delhi
3309,Delhi,India,Hotel Shivdev International,Delhi
3310,Delhi,India,Hotel Shubham Vilas,Delhi
3340,Delhi,India,Hotel Shiva Intercontinental,Delhi
3345,Delhi,India,Hotel Silver Arc,Delhi
3348,Delhi,India,HOTEL SIAM INTERNATIONAL,Delhi
3366,Delhi,India,Hotel Sehej Continental,Delhi
3434,Delhi,India,Hotel Shivam International,Delhi
3475,Delhi,India,Hotel Satya International,Delhi
3483,Delhi,India,Hotel Singh International,Delhi
3492,Delhi,India,HOTEL SHRI SAI INTERNATIONAL,Delhi
3570,Delhi,India,Xenious IC's Hotel,Delhi
3754,Delhi,India,West-In 11,Delhi
3772,Delhi,India,Veer Palace,Delhi
3791,Delhi,India,Welcome Hospitality,Delhi
3837,Delhi,India,West Inn,Delhi
3863,Delhi,India,Vedanata Service Apartments,Delhi
3888,Delhi,India,Vivanta by Taj - Ambassador (A Taj Hotel),DELHI
3905,Delhi,India,Welcome Guest House,Delhi
3908,Delhi,India,Yash Guest House,Delhi
3946,Delhi,India,vijay hotel,Delhi
3977,Delhi,India,Hotel Siam International,Delhi
100,Dharwad,India,Brindavan Lodge,Karnataka
51,Hyderabad,India,Athidhi Guest House,Andhra Pradesh
92,Hyderabad,India,Avasa Hotel,Andhra Pradesh
147,Hyderabad,India,Blue Dawn Suites Service Appartment,Andhra Pradesh
339,Hyderabad,India,C 9 Service Apartments,Andhra Pradesh
384,Hyderabad,India,Blueberry Service Apartments,Andhra Pradesh
525,Hyderabad,India,Country Spa Kuteeram,Andhra Pradesh
572,Hyderabad,India,D Lake View Resort,Andhra Pradesh
574,Hyderabad,India,Classic Homes Guest House,Andhra Pradesh
654,Hyderabad,India,Country Club  Begumpet,Andhra Pradesh
655,Hyderabad,India,Deccan Classic Residency,Andhra Pradesh
674,Hyderabad,India,Executel Begumpet,Andhra Pradesh
694,Hyderabad,India,FabHotel MyPlace Kondapur HICC,Andhra Pradesh
743,Hyderabad,India,Executel  Greenlands,Andhra Pradesh
779,Hyderabad,India,FabHotel Majestica Inn Hitec City,Andhra Pradesh
811,Hyderabad,India,Fig n Olive Service Apartment,Andhra Pradesh
851,Hyderabad,India,Eeshwarillu Cool Rooms,Andhra Pradesh
855,Hyderabad,India,Dwaraka Inn,Andhra Pradesh
863,Hyderabad,India,Eashwar Lodge,Andhra Pradesh
928,Hyderabad,India,Famous lodge,Andhra Pradesh
944,Hyderabad,India,Ebony Boutique Hotel,Andhra Pradesh
1017,Hyderabad,India,Sri Ganapathi Lodge,Andhra Pradesh
1049,Hyderabad,India,SITARA GRAND MIYAPUR,Andhra Pradesh
1065,Hyderabad,India,SITARA GRAND,Andhra Pradesh
1094,Hyderabad,India,Skyla Serviced Apartments- Road No 13 Banjara Hills,Andhra Pradesh
1145,Hyderabad,India,SITARA GRAND BANJARA HILLS,Andhra Pradesh
1159,Hyderabad,India,Siesta Hitech,Andhra Pradesh
1178,Hyderabad,India,"Skyla Serviced Apartments-RoadNo 10,Banjara Hills",Andhra Pradesh
1184,Hyderabad,India,Sri Ganesh Comforts,Andhra Pradesh
1204,Hyderabad,India,Skyla Serviced Apartments - Banjara hills,Andhra Pradesh
1281,Hyderabad,India,Skyla Serviced Apartments - Srinagar colony,Andhra Pradesh
1327,Hyderabad,India,SSV Homes,Andhra Pradesh
1432,Hyderabad,India,STAR INN,Andhra Pradesh
1434,Hyderabad,India,Summer Green Resort,Andhra Pradesh
1460,Hyderabad,India,Block A Room,Andhra Pradesh
1638,Hyderabad,India,Deccan Heritage,Andhra Pradesh
1678,Hyderabad,India,Concord Comfort - Trendset Winz,Andhra Pradesh
1746,Hyderabad,India,City lodge,Andhra Pradesh
1851,Hyderabad,India,Hotel Prince Palace,Andhra Pradesh
1897,Hyderabad,India,Hotel R-Inn Residency,Andhra Pradesh
2003,Hyderabad,India,Hotel Palak Residency,Andhra Pradesh
2180,Hyderabad,India,HOTEL PARKLANE,Andhra Pradesh
2242,Hyderabad,India,Hotel Panchavati Residency,Andhra Pradesh
2299,Hyderabad,India,Usha Padmini Residency,Andhra Pradesh
2317,Hyderabad,India,Treebo Kubeera Palace,Andhra Pradesh
2351,Hyderabad,India,Treebo KSR Park,Andhra Pradesh
2416,Hyderabad,India,Tulasi Executive Guest House,Andhra Pradesh
2467,Hyderabad,India,Treebo Sadhvika,Andhra Pradesh
2502,Hyderabad,India,Traveller Lodge,Andhra Pradesh
2547,Hyderabad,India,Treebo Srico,Andhra Pradesh
2661,Hyderabad,India,Treebo Lotus Pride,Andhra Pradesh
2672,Hyderabad,India,Treebo Blue Petal,Andhra Pradesh
2702,Hyderabad,India,Treebo Tara Residency,Andhra Pradesh
2765,Hyderabad,India,Treebo JP Plaza,Andhra Pradesh
2780,Hyderabad,India,V G Guest Houses,Andhra Pradesh
2841,Hyderabad,India,Trident Hyderabad,Andhra Pradesh
2956,Hyderabad,India,Treebo Angel Park,Andhra Pradesh
2971,Hyderabad,India,TREATS TOURISM INDIA PVT LTD,Andhra Pradesh
3112,Hyderabad,India,Hotel Rest Inn,Andhra Pradesh
3140,Hyderabad,India,Hotel Sai Priya,Andhra Pradesh
3149,Hyderabad,India,Hotel Ritz Park,Andhra Pradesh
3234,Hyderabad,India,Hotel Sai Residency,Andhra Pradesh
3243,Hyderabad,India,HOTEL REGAL,Andhra Pradesh
3315,Hyderabad,India,Hotel Serene Nest,Andhra Pradesh
3467,Hyderabad,India,Hotel Santosh Castle,Andhra Pradesh
3490,Hyderabad,India,Hotel Silver Park,Andhra Pradesh
3516,Hyderabad,India,Hotel SG Comforts,Andhra Pradesh
3582,Hyderabad,India,Vivekananda Rest House,Andhra Pradesh
3667,Hyderabad,India,Vcare Service Apartments (Hill Ridge),Andhra Pradesh
3689,Hyderabad,India,VG Guest House,Andhra Pradesh
3769,Hyderabad,India,Vista Homes 1- Jubilee Hills,Andhra Pradesh
3783,Hyderabad,India,Vishnu Priya Lodge,Andhra Pradesh
3854,Hyderabad,India,Wood Bridge Grand,Andhra Pradesh
3910,Hyderabad,India,VHOTELS,Andhra Pradesh
3911,Hyderabad,India,Vista Homes 3 - Gachibowli,Andhra Pradesh
3920,Hyderabad,India,Vivanta by Taj - Begumpet (A Taj Hotel),ANDHRA PRADESH
3959,Hyderabad,India,Vibe Hyderabad by GRT Hotels,Andhra Pradesh
75,Kolkata,India,"Banayan Appartment ,Russell Street",West Bengal
142,Kolkata,India,Celesta,West Bengal
329,Kolkata,India,BLUE PINE RETREAT,West Bengal
358,Kolkata,India,Blue Merry Inn Pvt. Ltd,West Bengal
393,Kolkata,India,Capital Guest House,West Bengal
422,Kolkata,India,Breathing Earth,West Bengal
466,Kolkata,India,Central Guest House,West Bengal
608,Kolkata,India,Corporate Living,West Bengal
618,Kolkata,India,Classic Hotel &amp; Restaurant,West Bengal
631,Kolkata,India,Country Roads,West Bengal
687,Kolkata,India,Down Town Guest House,West Bengal
690,Kolkata,India,Falcon Guest House,West Bengal
841,Kolkata,India,Enclave Guest House,West Bengal
867,Kolkata,India,Esplanade Inn,West Bengal
1006,Kolkata,India,Simurg AC 153,West Bengal
1051,Kolkata,India,Siesta Sunrise CJ 216,West Bengal
1110,Kolkata,India,Spice Cottage,West Bengal
1148,Kolkata,India,Southern Plaza,West Bengal
1221,Kolkata,India,Silver Inn Guest House,West Bengal
1348,Kolkata,India,Thara Mahal,West Bengal
1356,Kolkata,India,Tangerine Guest House,West Bengal
1362,Kolkata,India,Stay Cool,West Bengal
1515,Kolkata,India,Check In Check Out,West Bengal
1738,Kolkata,India,Coral Residency Sector 2,West Bengal
1749,Kolkata,India,Coral Residency Sector 1,West Bengal
1781,Kolkata,India,De Sovrani,West Bengal
1830,Kolkata,India,Hotel Presidency Inn,West Bengal
2193,Kolkata,India,Hotel Panasia Continental,West Bengal
2328,Kolkata,India,Treebo Orion West Willow,West Bengal
2394,Kolkata,India,The Sonnet,West Bengal
2403,Kolkata,India,The Senator,West Bengal
2453,Kolkata,India,Treebo Globe International,West Bengal
2501,Kolkata,India,Treebo Ivy Suites,West Bengal
2757,Kolkata,India,Transit inn Guest House,West Bengal
2835,Kolkata,India,Travel Inn,West Bengal
2839,Kolkata,India,Treebo Stay,West Bengal
2898,Kolkata,India,Transit House,West Bengal
3004,Kolkata,India,Tiger Inn,West Bengal
3028,Kolkata,India,The Samilton,West Bengal
3034,Kolkata,India,Treebo Platinum,West Bengal
3039,Kolkata,India,Hotel Royal Garden,West Bengal
3337,Kolkata,India,Hotel Sheldon,West Bengal
3521,Kolkata,India,Hotel Sawood International,West Bengal
3590,Kolkata,India,VISITEL - A BOUTIQUE HOTEL,West Bengal
3610,Kolkata,India,Waylink Guest House &amp; Banquet,West Bengal
3614,Kolkata,India,Vesper Guest House,West Bengal
3663,Kolkata,India,Vinayak Guest House,West Bengal
3704,Kolkata,India,Welcome Regency,West Bengal
52,Mumbai,India,Astoria Hotel,Maharashtra
93,Mumbai,India,"Arista Service Apartments,Andheri",Maharashtra
157,Mumbai,India,Castle Service Apartment - Goregaon,Maharashtra
179,Mumbai,India,Castle Service Apartment - Malad (W),Maharashtra
250,Mumbai,India,Central Guest House,Maharashtra
298,Mumbai,India,Bharat Avenue,Maharashtra
322,Mumbai,India,Castle Service Apartments Goregaon East,Maharashtra
325,Mumbai,India,Castle Service Apartment,Maharashtra
353,Mumbai,India,Bombay Nightout,Maharashtra
683,Mumbai,India,FabHotel Parimeet Navi Mumbai,Maharashtra
688,Mumbai,India,Famous Rest House,Maharashtra
755,Mumbai,India,Dragonfly Apartment,Maharashtra
836,Mumbai,India,Dreamhome Serviced Apartments,Maharashtra
847,Mumbai,India,Executive Service Apartments Goregaon West,Maharashtra
897,Mumbai,India,FAMOUS REST HOME,Maharashtra
937,Mumbai,India,Executive Lotus - service apartment,Maharashtra
943,Mumbai,India,Dreamland,Maharashtra
1132,Mumbai,India,Sohum Homes,Maharashtra
1263,Mumbai,India,Siesta Andheri Hotel,Maharashtra
1304,Mumbai,India,Suba Galaxy,Maharashtra
1326,Mumbai,India,The Beatle,Maharashtra
1332,Mumbai,India,Ssapphires Hospitalities (Sai Sapphire),Maharashtra
1363,Mumbai,India,Ssapphires Hospitalities (NAVRATNA),Maharashtra
1387,Mumbai,India,Ssapphires Hospitality - Apurva (B - 703),Maharashtra
1403,Mumbai,India,Symphony House,Maharashtra
1406,Mumbai,India,Ssapphires Hospitality - Apurva (A-604),Maharashtra
1505,Mumbai,India,CENTRAL GUEST HOUSE,Maharashtra
1518,Mumbai,India,Cormfort Stay - Royal Palm - Goregaon (East),Maharashtra
1522,Mumbai,India,Dev Shelters,Maharashtra
1536,Mumbai,India,Comfort Inn Heritage,Maharashtra
1621,Mumbai,India,Corporate Suite 2 -  Gagal Home,Maharashtra
1659,Mumbai,India,Compact Apartment 1 bhk by gagalhome,Maharashtra
1718,Mumbai,India,"Comfort Stay - Lokhandwala Circle, Andheri (West)",Maharashtra
1885,Mumbai,India,Hotel Parklane,Maharashtra
1976,Mumbai,India,Hotel Priyadarshani AC Dormitory (Male Only),Maharashtra
2036,Mumbai,India,Hotel Peninsula Grand,Maharashtra
2048,Mumbai,India,Hotel Plaza,Maharashtra
2228,Mumbai,India,Hotel Palace Residency,Maharashtra
2293,Mumbai,India,Trident Bandra Kurla,Maharashtra
2397,Mumbai,India,Theme Apartment  by gagal home,Maharashtra
2404,Mumbai,India,Trident Nariman Point,Maharashtra
2458,Mumbai,India,Treebo Sea Side,Maharashtra
2476,Mumbai,India,Treebo Arma Residency,Maharashtra
2542,Mumbai,India,The Signature Crest (Chandivali),Maharashtra
2581,Mumbai,India,The Regale by Tunga,Maharashtra
2600,Mumbai,India,Traveller's Inn Hotel,Maharashtra
2611,Mumbai,India,The Residence Hotel and  Apartments,Maharashtra
2690,Mumbai,India,The Resort,Maharashtra
2815,Mumbai,India,U Tan Resort,Maharashtra
2837,Mumbai,India,Treebo Legend,Maharashtra
2840,Mumbai,India,Treebo New Castle,Maharashtra
2845,Mumbai,India,"The Signature Crest,Powai",Maharashtra
2868,Mumbai,India,VAKRATUND HOTEL,Maharashtra
2902,Mumbai,India,TIM Grand,Maharashtra
2998,Mumbai,India,Treebo Midaas Comfort,Maharashtra
3025,Mumbai,India,The Shalimar Hotel,Maharashtra
3217,Mumbai,India,Hotel Royal Garden,Maharashtra
3269,Mumbai,India,Hotel Rosewood,Maharashtra
3395,Mumbai,India,Hotel Sea Lord,Maharashtra
3452,Mumbai,India,Hotel Sharda Sion,Maharashtra
3531,Mumbai,India,"The Signature Crest,Goregaon",Maharashtra
3706,Mumbai,India,Vivanta by Taj - President (A Taj Hotel),MAHARASHTRA
3743,Mumbai,India,Yadav Rest House - Male Only,Maharashtra
3917,Mumbai,India,West End Hotel,Maharashtra
3997,Mumbai,India,Hotel Silver Inn,Maharashtra
316,Patna,India,Buddha Heritage,Bihar
781,Patna,India,Executive Holiday,Bihar
843,Patna,India,Fortune Inn,Bihar
982,Patna,India,Space and Spice,Bihar
1331,Patna,India,The AVR Hotels and Banquets,Bihar
1530,Patna,India,City Hotel,Bihar
1625,Patna,India,Comfort Homes,Bihar
1792,Patna,India,HOTEL PATLIPUTRA ASHOK,Bihar
1849,Patna,India,Hotel Patliputra Exotica,Bihar
1878,Patna,India,Hotel President,Bihar
1922,Patna,India,Hotel Patliputra Nirvana,Bihar
2354,Patna,India,The SAI residence,Bihar
3241,Patna,India,Hotel Relax Inn,Bihar
3811,Patna,India,Vatika Premier Hotel,Bihar
